GROUP,PACKAGE,CLASS,INSTRUCTION_MISSED,INSTRUCTION_COVERED,BRANCH_MISSED,BRANCH_COVERED,LINE_MISSED,LINE_COVERED,COMPLEXITY_MISSED,COMPLEXITY_COVERED,METHOD_MISSED,METHOD_COVERED
Timesheet-spring-boot-core-data-jpa-mvc-REST-1,tn.esprit.spring.controller,RestControlEntreprise,39,3,0,0,11,1,7,1,7,1
Timesheet-spring-boot-core-data-jpa-mvc-REST-1,tn.esprit.spring.controller,RestControlTimesheet,41,3,0,0,10,1,6,1,6,1
Timesheet-spring-boot-core-data-jpa-mvc-REST-1,tn.esprit.spring.controller,RestControlEmploye,104,3,0,0,29,1,18,1,18,1
Timesheet-spring-boot-core-data-jpa-mvc-REST-1,tn.esprit.spring,ServletInitializer,12,0,0,0,2,0,2,0,2,0
Timesheet-spring-boot-core-data-jpa-mvc-REST-1,tn.esprit.spring,TimesheetSpringBootCoreDataJpaMvcRest1Application,5,3,0,0,2,1,1,1,1,1
Timesheet-spring-boot-core-data-jpa-mvc-REST-1,tn.esprit.spring.services,MissionServiceImpl,179,7,4,0,36,2,10,2,8,2
Timesheet-spring-boot-core-data-jpa-mvc-REST-1,tn.esprit.spring.services,EmployeServiceImpl,238,128,6,2,48,25,15,9,11,9
Timesheet-spring-boot-core-data-jpa-mvc-REST-1,tn.esprit.spring.services,TimesheetServiceImpl,168,3,8,0,40,1,10,1,6,1
Timesheet-spring-boot-core-data-jpa-mvc-REST-1,tn.esprit.spring.services,EntrepriseServiceImpl,20,83,1,1,4,17,2,7,1,7
Timesheet-spring-boot-core-data-jpa-mvc-REST-1,tn.esprit.spring.entities,Contrat,28,40,0,0,12,17,8,5,8,5
Timesheet-spring-boot-core-data-jpa-mvc-REST-1,tn.esprit.spring.entities,Employe,60,24,0,0,26,10,17,3,17,3
Timesheet-spring-boot-core-data-jpa-mvc-REST-1,tn.esprit.spring.entities,Timesheet,31,0,0,0,13,0,9,0,9,0
Timesheet-spring-boot-core-data-jpa-mvc-REST-1,tn.esprit.spring.entities,TimesheetPK,159,0,26,0,49,0,25,0,12,0
Timesheet-spring-boot-core-data-jpa-mvc-REST-1,tn.esprit.spring.entities,Role,0,44,0,0,0,2,0,1,0,1
Timesheet-spring-boot-core-data-jpa-mvc-REST-1,tn.esprit.spring.entities,MissionExterne,25,3,0,0,10,2,5,1,5,1
Timesheet-spring-boot-core-data-jpa-mvc-REST-1,tn.esprit.spring.entities,Entreprise,31,55,0,0,13,10,7,5,7,5
Timesheet-spring-boot-core-data-jpa-mvc-REST-1,tn.esprit.spring.entities,Departement,25,19,0,0,11,9,7,5,7,5
Timesheet-spring-boot-core-data-jpa-mvc-REST-1,tn.esprit.spring.entities,Mission,44,3,0,0,19,2,11,1,11,1
